{
  "dataset_path": "C:\\Users\\USER\\Downloads\\Compressed\\bmp.tn-main\\bmp.tn-main\\ml_user_engagement\\data\\artisan_activity_dataset.csv",
  "model_path": "C:\\Users\\USER\\Downloads\\Compressed\\bmp.tn-main\\bmp.tn-main\\ml_user_engagement\\artifacts\\user_engagement_model.joblib",
  "rows": 1200,
  "train_samples": 960,
  "test_samples": 240,
  "engagement_accuracy": 0.9708,
  "premium_accuracy": 0.9375,
  "engagement_report": {
    "HIGH": {
      "precision": 0.9865771812080537,
      "recall": 0.9671052631578947,
      "f1-score": 0.9767441860465116,
      "support": 152.0
    },
    "LOW": {
      "precision": 1.0,
      "recall": 1.0,
      "f1-score": 1.0,
      "support": 64.0
    },
    "MEDIUM": {
      "precision": 0.8148148148148148,
      "recall": 0.9166666666666666,
      "f1-score": 0.8627450980392157,
      "support": 24.0
    },
    "accuracy": 0.9708333333333333,
    "macro avg": {
      "precision": 0.9337973320076228,
      "recall": 0.9612573099415204,
      "f1-score": 0.9464964280285758,
      "support": 240.0
    },
    "weighted avg": {
      "precision": 0.9729803629132489,
      "recall": 0.9708333333333333,
      "f1-score": 0.971545827633379,
      "support": 240.0
    }
  },
  "premium_report": {
    "HIGH": {
      "precision": 0.9693877551020408,
      "recall": 0.9313725490196079,
      "f1-score": 0.95,
      "support": 102.0
    },
    "LOW": {
      "precision": 1.0,
      "recall": 0.9315068493150684,
      "f1-score": 0.9645390070921985,
      "support": 73.0
    },
    "MEDIUM": {
      "precision": 0.8378378378378378,
      "recall": 0.9538461538461539,
      "f1-score": 0.8920863309352518,
      "support": 65.0
    },
    "accuracy": 0.9375,
    "macro avg": {
      "precision": 0.9357418643132928,
      "recall": 0.9389085173936101,
      "f1-score": 0.9355417793424833,
      "support": 240.0
    },
    "weighted avg": {
      "precision": 0.9430708769994484,
      "recall": 0.9375,
      "f1-score": 0.9387373292855077,
      "support": 240.0
    }
  }
}